,ids,names,current_prices
0,67edfe67d021bd5ffb8c4149,Laptop Asus Vivobook Go 15 E1504FA R5 7520U/16GB/512GB/Chuột/Win11 (NJ776W),12990000
1,67edfe68d021bd5ffb8c414a,Laptop HP 15 fc0085AU R5 7430U/16GB/512GB/Win11 (A6VV8PA),13190000
2,67edfe68d021bd5ffb8c414b,Laptop Dell Inspiron 15 3520 i5 1235U/16GB/512GB/120Hz/OfficeHS/Win11 (N5I5057W1),16490000
3,67edfe68d021bd5ffb8c414c,Laptop MacBook Air 13 inch M1 8GB/256GB (MGN63SA/A),17490000
4,67edfe68d021bd5ffb8c414d,Laptop Lenovo Ideapad Slim 3 15IAH8 i5 12450H/16GB/512GB/Win11 (83ER000EVN),14690000
5,67edfe68d021bd5ffb8c414e,Laptop Acer Nitro V 15 ANV15 41 R2UP R5 6600H/16GB/512GB/4GB RTX2050/165Hz/Win11 (NH.QPGSV.004),19490000
6,67edfe68d021bd5ffb8c414f,Laptop HP 15 fd0234TU i5 1334U/16GB/512GB/Win11 (9Q969PA),16190000
7,67edfe68d021bd5ffb8c4150,Laptop Asus Vivobook 15 X1504ZA i5 1235U/16GB/512GB/Win11 (NJ1608W),14490000
8,67edfe68d021bd5ffb8c4151,Laptop Lenovo Gaming LOQ Essential 15IAX9E i5 12450HX/16GB/512GB/4GB RTX2050/144Hz/Win11 (83LK000BVN),18490000
9,67edfe68d021bd5ffb8c4152,Laptop Acer Nitro V 15 ANV15 41 R1JY R5 6600H/16GB/512GB/6GB RTX3050/165Hz/Win11 (NH.QPFSV.001),21190000
10,67edfe68d021bd5ffb8c4153,Laptop HP 15 fd0303TU i3 1315U/8GB/512GB/Win11 (A2NL4PA),11690000
11,67edfe68d021bd5ffb8c4154,Laptop Dell Inspiron 15 3520 i5 1235U/16GB/512GB/120Hz/OfficeHS/KYHD/Win11,16490000
12,67edfe68d021bd5ffb8c4155,Laptop Asus Vivobook 15 X1504ZA i3 1215U/8GB/512GB/Win11 (NJ102W),9990000
13,67edfe68d021bd5ffb8c4156,Laptop Lenovo Ideapad Slim 3 15AMN8 R5 7520U/16GB/512GB/Win11 (82XQ00J0VN),13190000
14,67edfe68d021bd5ffb8c4157,Laptop Acer Aspire 16 AI A16 71M 59L5 Ultra 5 125H/16GB/512GB/Win11 (NX.J4YSV.001),18690000
15,67edfe69d021bd5ffb8c4158,Laptop MacBook Air 13 inch M2 16GB/256GB,23990000
16,67edfe69d021bd5ffb8c4159,Laptop Asus Vivobook 15 OLED A1505ZA i5 12500H/16GB/512GB/120Hz/Win11 (MA415W),16490000
17,67edfe69d021bd5ffb8c415a,Laptop HP 240 G9 i5 1235U/16GB/512GB/Win11 (AG2J7AT),15890000
18,67edfe69d021bd5ffb8c415b,Laptop Lenovo Ideapad Slim 5 14IAH8 i5 12450H/16GB/1TB/Win11 (83BF003WVN),17690000
19,67edfe69d021bd5ffb8c415c,Laptop Acer Aspire 16 AI A16 71M 71U7 Ultra 7 155H/16GB/512GB/Win11 (NX.J4YSV.002),21690000
20,67edfe69d021bd5ffb8c415d,Laptop Acer Aspire 7 A715 76 53PJ i5 12450H/16GB/512GB/Win11 (NH.QGESV.007),13890000
21,67edfe69d021bd5ffb8c415e,Laptop Asus Vivobook X1404ZA i5 1235U/16GB/512GB/Win11 (NK376W),14490000
22,67edfe69d021bd5ffb8c415f,Laptop Dell Inspiron 15 3520 i5 1235U/16GB/512GB/120Hz/OfficeHS/Win11 (N3520-i5U165W11BLU-FP),16490000
23,67edfe69d021bd5ffb8c4160,Laptop HP 245 G10 R5 7530U/8GB/512GB/Win11 (A20TDPT),12890000
24,67edfe69d021bd5ffb8c4161,Laptop Acer Aspire Lite 14 51M 36PN i3 1215U/8GB/512GB/Win11 (NX.KTWSV.001),9990000
25,67edfe69d021bd5ffb8c4162,Laptop Lenovo Gaming LOQ 15IAX9 i5 12450HX/16GB/512GB/6GB RTX3050/144Hz/Win11 (83GS000JVN),22690000
26,67edfe69d021bd5ffb8c4163,Laptop HP 240 G9 i3 1215U/8GB/512GB/Win11 (AG2J5AT),10990000
27,67edfe69d021bd5ffb8c4164,Laptop Acer Aspire 3 A314 42P R3B3 R7 5700U/16GB/512GB/Win11 (NX.KSFSV.001),12290000
28,67edfe6ad021bd5ffb8c4165,Laptop Acer Aspire Lite 14 51M 36MH i3 1215U/8GB/256GB/Win11 (NX.KTVSV.001),9490000
29,67edfe6ad021bd5ffb8c4166,Laptop Asus Vivobook X1404ZA i3 1215U/8GB/512GB/Win11 (NK246W),9990000
30,67edfe6ad021bd5ffb8c4167,Laptop Lenovo Gaming LOQ 15IAX9 i5 12450HX/24GB/512GB/6GB RTX3050/144Hz/Win11 (83GS00D9VN),23690000
31,67edfe6ad021bd5ffb8c4168,Laptop MSI Gaming Thin 15 B12UCX i5 12450H/16GB/512GB/4GB RTX2050/144Hz/Balo/Win11 (2046VN),16190000
32,67edfe6ad021bd5ffb8c4169,Laptop HP Pavilion 15 eg3093TU i5 1335U/16GB/512GB/Win11 (8C5L4PA),18090000
33,67edfe6ad021bd5ffb8c416a,Laptop Dell Inspiron 15 3520 i7 1255U/16GB/512GB/120Hz/OfficeHS/KYHD/Win11 (N5I7125W1),19990000
34,67edfe6ad021bd5ffb8c416b,Laptop Acer Aspire 3 A315 44P R9W8 R7 5700U/8GB/512GB/Win11 (NX.KSJSV.002),10990000
35,67edfe6ad021bd5ffb8c416c,Laptop Acer Gaming Aspire 5 A515 58GM 51LB i5 13420H/16GB/512GB/4GB RTX2050/Win11 (NX.KQ4SV.002),16990000
36,67edfe6ad021bd5ffb8c416d,Laptop Asus Gaming Vivobook K3605ZF i5 12500H/16GB/512GB/4GB RTX2050/Win11 (RP745W),17690000
37,67edfe6ad021bd5ffb8c416e,Laptop Lenovo Ideapad Slim 3 15IRH8 i7 13620H/16GB/1TB/Win11 (83EM003FVN),19390000
38,67edfe6ad021bd5ffb8c416f,Laptop MSI Gaming GF63 Thin 12VE i5 12450H/16GB/512GB/6GB RTX4050/144Hz/Win11 (460VN),19690000
39,67edfe6ad021bd5ffb8c4170,Laptop Dell Inspiron 15 3520 i5 1235U/16GB/512GB/120Hz/OfficeHS/Win11 (N5I5052W1),16490000
40,67edfe6ad021bd5ffb8c4171,Laptop Acer Aspire Lite 14 51M 59BN i5 1235U/16GB/512GB/Win11 (NX.KTXSV.001),13690000
41,67edfe6ad021bd5ffb8c4172,Laptop Asus Gaming Vivobook K3605ZC i5 12500H/16GB/512GB/4GB RTX3050/Win11 (RP629W),19990000
42,67edfe6ad021bd5ffb8c4173,Laptop Acer Aspire 5 A515 58P 34RJ i3 1315U/8GB/512GB/Win11 (NX.KHJSV.003),9990000
43,67edfe6ad021bd5ffb8c4174,Laptop Asus TUF Gaming F15 FX507ZC4 i5 12500H/16GB/512GB/4GB RTX3050/144Hz/Win11 (HN330W),20390000
44,67edfe6bd021bd5ffb8c4175,Laptop MSI Gaming Thin 15 B12UC i5 12450H/16GB/512GB/4GB RTX3050/144Hz/Balo/Win11 (2045VN),18190000
45,67edfe6bd021bd5ffb8c4176,Laptop Lenovo Ideapad 1 15ALC7 R7 5700U/16GB/512GB/Win11 (82R400C1VN),13190000
46,67edfe6bd021bd5ffb8c4177,Laptop HP Gaming VICTUS 15 fb1022AX R5 7535HS/16GB/512GB/4GB RTX2050/144Hz/Win11 (94F19PA),16990000
47,67edfe6bd021bd5ffb8c4178,Laptop HP 15 fd0015TU i7 1355U/16GB/512GB/Win11 (A19C5PA),20190000
48,67edfe6bd021bd5ffb8c4179,Laptop Dell Latitude 3440 i5 1235U/16GB/512GB/Win11 (L3440-I51235U-16G512G),16990000
49,67edfe6bd021bd5ffb8c417a,Laptop Asus Vivobook 15 X1504ZA i5 1235U/16GB/512GB/Win11 (NJ1546W),14490000
50,67edfe6bd021bd5ffb8c417b,Laptop MSI Modern 15 B12MO i5 1235U/16GB/512GB/Win11 (628VN),12890000
51,67edfe6bd021bd5ffb8c417c,Laptop Asus Zenbook 14 OLED UX3402VA i5 13500H/16GB/512GB/90Hz/Win11 (KM657W),23990000
52,67edfe6bd021bd5ffb8c417d,Laptop Acer Gaming Aspire 5 A515 58GM 53PZ i5 13420H/8GB/512GB/4GB RTX2050/Win11 (NX.KQ4SV.008),15790000
53,67edfe6bd021bd5ffb8c417e,Laptop MacBook Air 13 inch M3 16GB/512GB (MXCV3SA/A),31590000
54,67edfe6bd021bd5ffb8c417f,Laptop Acer Aspire 5 A515 58M 56YX i5 13420H/16GB/512GB/Win11 (NX.KQ8SV.005),14990000
55,67edfe6bd021bd5ffb8c4180,Laptop Lenovo Ideapad Slim 5 15IRU9 Core 5 120U/16GB/512GB/Win11 (83D0000EVN),17690000
56,67edfe6bd021bd5ffb8c4181,Laptop HP Gaming VICTUS 15 fa1139TX i5 12450H/16GB/512GB/4GB RTX2050/144Hz/Win11 (8Y6W3PA),17790000
57,67edfe6cd021bd5ffb8c4182,Laptop Dell Inspiron 15 3520 i5 1235U/8GB/512GB/120Hz/OfficeHS/Win11 (N3520-i5U085W11SLU),14990000
58,67edfe6cd021bd5ffb8c4183,Laptop Asus TUF Gaming A15 FA506NFR R7 7435HS/16GB/512GB/4GB RTX2050/144Hz/Win11 (HN113W),18690000
59,67edfe6cd021bd5ffb8c4184,Laptop HP 240 G10 i5 1335U/16GB/512GB/Win11 (9H2E4PT),17590000
60,67edfe6cd021bd5ffb8c4185,Laptop Asus Vivobook 15 OLED A1505VA i5 13500H/16GB/512GB/Chuột/Win11 (L1341W),17990000
61,67edfe6cd021bd5ffb8c4186,Laptop Acer Predator Helios Neo PHN16 71 53M7 i5 13500HX/16GB/512GB/8GB RTX4060/165Hz/Win11 (NH.QLUSV.005),27690000
62,67edfe6cd021bd5ffb8c4187,Laptop MSI Thin 15 B13UC i7 13620H/32GB/512GB/4GB RTX3050/144Hz/Balo/Win11 (1411VN),21690000
63,67edfe6cd021bd5ffb8c4188,Laptop Lenovo Gaming LOQ 15ARP9 R7 7435HS/24GB/512GB/6GB RTX4050/144Hz/Win11 (83JC0040VN),27190000
64,67edfe6cd021bd5ffb8c4189,Laptop Lenovo Ideapad Slim 3 16IRH10 i5 13420H/24GB/512GB/Win11 (83K20003VN),17490000
65,67edfe6cd021bd5ffb8c418a,Laptop Lenovo IdeaPad Slim 3 15IRH10 i5 13420H/16GB/512GB/Win11 (83K1000HVN),16490000
66,67edfe6cd021bd5ffb8c418b,Laptop Acer Aspire Lite 16 G2 AL16 52P 572A i5 1334U/16GB/512GB/Win11 (NX.J2SSV.004),14790000
67,67edfe6cd021bd5ffb8c418c,Laptop Asus TUF Gaming A15 FA506NCR R7 7435HS/16GB/512GB/4GB RTX3050/144Hz/Win11 (HN097W),20190000
68,67edfe6cd021bd5ffb8c418d,Laptop HP Pavilion X360 14 ek2024TU Core 5 120U/16GB/512GB/Touch/Pen/Win11 (9Z2V6PA),23690000
69,67edfe6cd021bd5ffb8c418e,Laptop HP 240 G8 i3 1115G4/8GB/512GB/Win11 (6L1A2PA),10190000
70,67edfe6cd021bd5ffb8c418f,Laptop Acer Aspire Lite AL16 51P 596H i5 1235U/8GB/512GB/Win11 (NX.KWZSV.002),12990000
71,67edfe6cd021bd5ffb8c4190,Laptop Asus Gaming TUF A15 FA507NUR R7 7435HS/16GB/512GB/6GB RTX4050/144Hz/Win11 (LP057W),24890000
72,67edfe6cd021bd5ffb8c4191,Laptop Dell Vostro 3530 i5 1335U/16GB/512GB/120Hz/OfficeHS/Win11 (80GG93),18490000
73,67edfe6dd021bd5ffb8c4192,Laptop MSI Gaming Katana 15 B13UDXK i7 13620H/16GB/1TB/6GB RTX3050/144Hz/Balo/Win11 (2077VN),24090000
74,67edfe6dd021bd5ffb8c4193,Laptop Lenovo V14 G4 i7 1355U/16GB/512GB/Win11 (83A00012VN),19190000
75,67edfe6dd021bd5ffb8c4194,Laptop GIGABYTE G5 MF5 RC555 i5 13500H/16GB/512GB/6GB RTX4050/144Hz/Win11 (9RC55MF5FEIAA1VN0C0),21990000
76,67edfe6dd021bd5ffb8c4195,Laptop Asus Vivobook 16 X1605VA i5 1335U/16GB/512GB/Win11 (MB360W),16190000
77,67edfe6dd021bd5ffb8c4196,Laptop Dell Inspiron 15 3530 i7 1355U/16GB/512GB/120Hz/OfficeHS/Win11 (71043888),21490000
78,67edfe6dd021bd5ffb8c4197,Laptop Acer Aspire 3 A315 59 5283 i5 1235U/8GB/512GB/Win11 (NX.K6TSV.00B),12990000
79,67edfe6dd021bd5ffb8c4198,Laptop HP Pavilion 15 eg3091TU i7 1355U/16GB/512GB/Win11 (8C5L2PA),23590000
80,67edfe6dd021bd5ffb8c4199,Laptop Asus Vivobook 15 OLED A1505VA i5 13500H/16GB/512GB/120Hz/Win11 (MA467W),18190000
81,67edfe6dd021bd5ffb8c419a,Laptop HP 15 fd1063TU Ultra 5 125H/16GB/512GB/Win11 (9Z2Y1PA),19690000
82,67edfe6dd021bd5ffb8c419b,Laptop Lenovo IdeaPad Slim 3 15IRH10 i7 13620H/24GB/512GB/Win11 (83K1000FVN),20490000
83,67edfe6dd021bd5ffb8c419c,Laptop Asus Zenbook 14 OLED UX3405MA Ultra 5 125H/16GB/512GB/Túi/Win11,26990000
84,67edfe6dd021bd5ffb8c419d,Laptop MSI Gaming Cyborg 15 A13VEK i7 13620H/16GB/512GB/6GB RTX4050/144Hz/Balo/Win11 (1423VN),24690000
85,67edfe6dd021bd5ffb8c419e,Laptop Lenovo Gaming LOQ 15IAX9 i5 12450HX/24GB/512GB/4GB RTX2050/144Hz/Win11 (83GS00DBVN),21490000
86,67edfe6dd021bd5ffb8c419f,Laptop HP Pavilion 15 eg2088TU i7 1260P/16GB/512GB/Win11 (7C0R0PA),21690000
87,67edfe6ed021bd5ffb8c41a0,Laptop Acer Aspire Lite AL14 52M 54CJ i5 1334U/16GB/512GB/Win11 (NX.J39SV.002),14990000
88,67edfe6ed021bd5ffb8c41a1,Laptop Dell Inspiron 15 3530 i5 1334U/16GB/512GB/120Hz/OfficeHS/Win11 (N3530-i5U165W11SLU),18490000
89,67edfe6ed021bd5ffb8c41a2,Laptop Asus Vivobook 14 X1404VA i5 1335U/16GB/512GB/Win11 (NK050W),16190000
90,67edfe6ed021bd5ffb8c41a3,Laptop Acer Gaming Aspire 7 A715 76G 5806 i5 12450H/16GB/512GB/4GB RTX3050/144Hz/Win11 (NH.QMFSV.002),18990000
91,67edfe6ed021bd5ffb8c41a4,Laptop HP Pavilion 15 eg2081TU i5 1240P/16GB/512GB/Win11 (7C0Q4PA),16890000
92,67edfe6ed021bd5ffb8c41a5,"Laptop Asus TUF Gaming F15 FX507VV i7 13620H/16GB/512GB/8GB RTX4060/15.6""F/144Hz/Win11 (LP151W)",28890000
93,67edfe6ed021bd5ffb8c41a6,Laptop HP 240 G9 i5 1235U/16GB/512GB/Win11 (9T2G2PT),15890000
94,67edfe6ed021bd5ffb8c41a7,Laptop Acer Gaming Nitro AN515 58 773Y i7 12700H/16GB/512GB/4GB RTX3050Ti/144Hz/Win11 (NH.QFKSV.001.16G),23490000
95,67edfe6ed021bd5ffb8c41a8,Laptop Lenovo ThinkBook 14 G6 i7 1355U/16GB/512GB/Win11 (21KG00BQVN),21190000
96,67edfe6ed021bd5ffb8c41a9,Laptop MSI Gaming GF63 Thin 12VE i5 12450H/8GB/512GB/6GB RTX4050/144Hz/Win11 (460VN),18690000
97,67edfe6ed021bd5ffb8c41aa,Laptop Asus Zenbook 14 UX3405CA Ultra 5 225H/16GB/512GB/120Hz/Touch/OfficeHS24+365/Win11 (PZ187WS),31990000
98,67edfe6ed021bd5ffb8c41ab,Laptop Dell Vostro 3520 i5 1235U/16GB/512GB/120Hz/OfficeHS/Win11 (71030559),16490000
99,67edfe6ed021bd5ffb8c41ac,Laptop Acer Swift Go 14 41 R251 R5 7430U/16GB/1TB/Win11 (NX.KG3SV.005),17990000
100,67edfe6ed021bd5ffb8c41ad,Laptop Asus TUF Gaming A15 FA507NVR R7 7435HS/16GB/512GB/8GB RTX4060/144Hz/Win11 (LP007W),26890000
101,67edfe6fd021bd5ffb8c41ae,Laptop Dell Inspiron 15 3520 i7 1255U/16GB/512GB/120Hz/OfficeHS/Win11 (N3520-i7U165W11BLU-FP),19990000
102,67edfe6fd021bd5ffb8c41af,Laptop Asus Vivobook 15 OLED A1505VA i9 13900H/16GB/512GB/120Hz/OfficeHS/Win11 (MA586WS),22990000
103,67edfe6fd021bd5ffb8c41b0,Laptop HP 240 G9 i3 1215U/8GB/512GB/Win11 (6L1X8PA),10990000
104,67edfe6fd021bd5ffb8c41b1,Laptop MacBook Air 13 inch M2 16GB/512GB/10GPU,28690000
105,67edfe6fd021bd5ffb8c41b2,Laptop Asus TUF Gaming F15 FX507ZC4 i7 12700H/16GB/512GB/4GB RTX3050/144Hz/Win11 (HNi7MW),23490000
106,67edfe6fd021bd5ffb8c41b3,Laptop HP 240 G9 i5 1235U/8GB/512GB/Win11 (6L1Y2PA),13290000
107,67edfe6fd021bd5ffb8c41b4,Laptop MSI Gaming Thin 15 B13UCX i5 13420H/16GB/512GB/4GB RTX2050/144Hz/Balo/Win11 (2080VN),17690000
108,67edfe6fd021bd5ffb8c41b5,Laptop Lenovo IdeaPad Slim 5 14IMH9 Ultra 7 155H/32GB/1TB/Win11 (83DA0020VN),27490000
109,67edfe6fd021bd5ffb8c41b6,Laptop Acer Gaming Nitro V ANV15 51 58AN i5 13420H/8GB/512GB/4GB RTX2050/144Hz/Win11 (NH.QNASV.001),16990000
110,67edfe6fd021bd5ffb8c41b7,Laptop Lenovo IdeaPad 5 2in1 14IRH9 i5 13420H/16GB/512GB/Touch/Pen/Win11 (83KX003WVN),21990000
111,67edfe6fd021bd5ffb8c41b8,Laptop Dell Inspiron 15 3530 i5 1334U/16GB/512GB/120Hz/OfficeHS/KYHD/Win11 (71043885),18490000
112,67edfe6fd021bd5ffb8c41b9,Laptop Dell Inspiron 15 3530 i5 1334U/16GB/512GB/120Hz/OfficeHS/Win11 (N5I5340W1),18490000
113,67edfe70d021bd5ffb8c41ba,Laptop Asus Vivobook S 14 OLED S5406MA Ultra 5 125H/16GB/1TB/120Hz/Win11 (PP136W),24990000
114,67edfe70d021bd5ffb8c41bb,Laptop HP Pavilion X360 14 ek2027TU Core 7 150U/16GB/512GB/Touch/Pen/Win11 (9Z2V9PA),27190000
115,67edfe70d021bd5ffb8c41bc,Laptop HP 15s fq5147TU i7 1255U/8GB/512GB/Win11 (7C133PA),15690000
116,67edfe70d021bd5ffb8c41bd,Laptop GIGABYTE G5 MF5 RC555 i7 13620H/16GB/512GB/6GB RTX4050/144Hz/Win11 (9RC55MF5FJIINIVN000),24490000
117,67edfe70d021bd5ffb8c41be,Laptop MSI Gaming GF63 Thin 12UC i7 12650H/8GB/512GB/4GB RTX3050/144Hz/Win11 (887VN),18690000
118,67edfe70d021bd5ffb8c41bf,Laptop Acer Aspire 5 A514 56P 54TN i5 1335U/8GB/512GB/Win11 (NX.KHRSV.004),13990000
119,67edfe70d021bd5ffb8c41c0,Laptop MSI Modern 14 C13M i5 1335U/16GB/512GB/Win11 (611VN),14190000
120,67edfe70d021bd5ffb8c41c1,Laptop Asus Zenbook A14 UX3407QA X1 26 100/16GB/512GB/OfficeHS24+365/Win11 (QD299WS),29990000
121,67edfe70d021bd5ffb8c41c2,Laptop MSI Modern 15 F13MG i5 1335U/16GB/512GB/Túi/Win11 (082VN),15390000
122,67edfe70d021bd5ffb8c41c3,Laptop Acer Aspire Lite 16 G2 AL16 52P 76DU i7 1355U/16GB/512GB/Win11 (NX.J2SSV.005),17990000
123,67edfe70d021bd5ffb8c41c4,Laptop Acer Gaming Nitro 5 Tiger AN515 58 52SP i5 12500H/8GB/512GB/4GB RTX3050/144Hz/Win11 (NH.QFHSV.001),19990000
124,67edfe70d021bd5ffb8c41c5,Laptop Asus Gaming Vivobook K3605ZU i5 12500H/16GB/512GB/6GB RTX4050/144Hz/Win11 (RP296W),21690000
125,67edfe71d021bd5ffb8c41c6,Laptop Lenovo ThinkBook 16 G6 i5 13420H/16GB/512GB/Win11 (21KH00Q0VN),18690000
126,67edfe71d021bd5ffb8c41c7,Laptop MSI Gaming Katana 15 B13VFK i7 13620H/16GB/1TB/8GB RTX4060/144Hz/Balo/Win11 (676VN),26590000
127,67edfe71d021bd5ffb8c41c8,Laptop Dell Vostro 15 3520 i5 1235U/16GB/512GB/120Hz/OfficeHS/Win11 (V3520-i5U165W11GRU),16490000
128,67edfe71d021bd5ffb8c41c9,Laptop Lenovo ThinkPad E14 Gen 6 Ultra 5 125U/32GB/1TB/Win11 (21M7004LVN),25690000
129,67edfe71d021bd5ffb8c41ca,Laptop HP Pavilion 15 eg2082TU i5 1240P/8GB/512GB/Win11 (7C0Q5PA),16190000
130,67edfe71d021bd5ffb8c41cb,Laptop HP Elitebook 630 G10 i5 1335U/16GB/512GB/Win11 (9J0B4PT),20690000
131,67edfe71d021bd5ffb8c41cc,Laptop HP Probook 450 G10 i5 1335U/16GB/512GB/Win11 (873D1PA),20190000
132,67edfe71d021bd5ffb8c41cd,Laptop Lenovo Ideapad Slim 5 14IMH9 Ultra 7 155H/32GB/512GB/Win11 (83DA001YVN),25990000
133,67edfe71d021bd5ffb8c41ce,Laptop Dell Inspiron 15 3520 i7 1255U/16GB/512GB/120Hz/OfficeHS/Win11 (71053682),19990000
134,67edfe71d021bd5ffb8c41cf,Laptop Dell Inspiron 15 3520 i7 1255U/16GB/512GB/120Hz/OfficeHS/KYHD/Win11 (25P2315),19990000
135,67edfe71d021bd5ffb8c41d0,Laptop Dell Vostro 15 3520 i5 1235U/8GB/512GB/120Hz/OfficeHS/Win11 (5M2TT2),14490000
136,67edfe72d021bd5ffb8c41d1,Laptop HP Envy X360 14 fa0050AU R5 8640HS/16GB/512GB/Touch/Pen/Win11 (A29H8PA),26590000
137,67edfe72d021bd5ffb8c41d2,Laptop Acer Swift Lite 14 AI SFL14 51M 56HS Ultra 5 125U/16GB/512GB/Win11 (NX.J1HSV.002),18990000
138,67edfe72d021bd5ffb8c41d3,Laptop Acer Aspire Lite 15 51M 55NB i5 1155G7/8GB/512GB/Win11 (NX.KRSSV.001),11490000
139,67edfe72d021bd5ffb8c41d4,Laptop Acer Gaming Nitro 5 Tiger AN515 58 769J i7 12700H/8GB/512GB/4GB RTX3050/144Hz/Win11 (NH.QFHSV.003),21490000
140,67edfe72d021bd5ffb8c41d5,Laptop Asus Vivobook 16 X1605VA i5 13420H/16GB/512GB/OfficeHS24+365/Win11 (MB1876WS),16990000
141,67edfe72d021bd5ffb8c41d6,Laptop MSI Gaming Stealth 14 AI Studio A1VFG Ultra 7 155H/32GB/1TB/8GB RTX4060/120Hz/Balo/Tai nghe/Móc chìa khóa/Chuột/Lót chuột/Win11 (085VN),46690000
142,67edfe72d021bd5ffb8c41d7,Laptop HP Probook 450 G10 i5 1335U/16GB/512GB/Win11 (9H1N5PT),20190000
143,67edfe72d021bd5ffb8c41d8,Laptop MSI Gaming Sword 16 HX B14VFKG i7 14700HX/16GB/1TB/8GB RTX4060/240Hz/Balo/Win11 (045VN),32790000
144,67edfe72d021bd5ffb8c41d9,Laptop Asus Zenbook 14 OLED UX3405MA Ultra 9 185H/32GB/1TB/120Hz/Túi/Win11 (PP475W),32290000
145,67edfe72d021bd5ffb8c41da,Laptop Lenovo ThinkPad E14 Gen 6 Ultra 7 155U/16GB/512GB/Win11 (21M7004UVN),27990000
146,67edfe72d021bd5ffb8c41db,Laptop Dell Inspiron 14 5440 Core 7 150U/16GB/1TB/OfficeHS/Win11 (7FN5J),24990000
147,67edfe73d021bd5ffb8c41dc,Laptop Dell Inspiron 15 3530 i7 1355U/16GB/1TB/120Hz/OfficeHS/Win11 (P16WD),21990000
148,67edfe73d021bd5ffb8c41dd,Laptop Asus TUF Gaming F15 FX507VU i7 13620H/16GB/512GB/6GB RTX4050/144Hz/Win11 (LP186W),27190000
149,67edfe73d021bd5ffb8c41de,Laptop HP Pavilion 15 eg3095TU i5 1335U/8GB/512GB/Win11 (8C5L6PA),16690000
150,67edfe73d021bd5ffb8c41df,Laptop HP Envy x360 14 fc0094TU Ultra 5 125U/16GB/512GB/Touch/Pen/Win11 (A19C4PA),26690000
151,67edfe73d021bd5ffb8c41e0,Laptop Lenovo IdeaPad Slim 5 14IMH9 Ultra 5 125H/16GB/512GB/Win11 (83DA001NVN),21490000
152,67edfe73d021bd5ffb8c41e1,Laptop Lenovo Gaming LOQ 15IRX9 i7 13650HX/24GB/512GB/6GB RTX4050/144Hz/Win11 (83DV00UGVN),30490000
153,67edfe73d021bd5ffb8c41e2,Laptop Acer Gaming Nitro V ANV15 51 53NE i5 13420H/16GB/512GB/4GB RTX2050/144Hz/Win11 (NH.QNASV.002),19990000
154,67edfe73d021bd5ffb8c41e3,Laptop MSI Prestige 14 AI Studio C1VEG Ultra 7 155H/32GB/1TB/6GB RTX4050/Túi/Win11 (056VN),32390000
155,67edfe73d021bd5ffb8c41e4,Laptop Dell Inspiron 15 3520 i5 1235U/8GB/512GB/120Hz/OfficeHS/Win11 (i5U085W11BLU),14490000
156,67edfe73d021bd5ffb8c41e5,Laptop Dell Inspiron 15 3530 i7 1355U/16GB/512GB/120Hz/Office365/KYHD/Win11 (N5I7301W1),21490000
157,67edfe73d021bd5ffb8c41e6,Laptop MSI Gaming Bravo 15 B7ED R5 7535HS/16GB/512GB/4GB RX6550M/144Hz/Win11 (010VN),17190000
158,67edfe74d021bd5ffb8c41e7,Laptop Lenovo ThinkPad E16 Ultra 7 155H/32GB/1TB/Win11 (21MA004PVN),34090000
159,67edfe74d021bd5ffb8c41e8,Laptop HP Gaming VICTUS 16 s0173AX R5 7640HS/16GB/512GB/6GB RTX3050/144Hz/Win11 (A9LG9PA),21190000
160,67edfe74d021bd5ffb8c41e9,Laptop Acer Swift Go 14 AI SFG14 73 53X7 Ultra 5 125H/16GB/512GB/Win11 (NX.KSLSV.001),23290000
161,67edfe74d021bd5ffb8c41ea,Laptop Acer Aspire 5 A515 58M 79R7 i7 13620H/16GB/512GB/Win11 (NX.KQ8SV.007),18990000
162,67edfe74d021bd5ffb8c41eb,Laptop Asus Vivobook 15 OLED A1505VA i9 13900H/16GB/1TB/Win11 (L1386W),22990000
163,67edfe74d021bd5ffb8c41ec,Laptop Asus ROG Strix G16 G614JV i7 13650HX/32GB/1TB/8GB RTX4060/165Hz/Win11 (N3515W),37990000
164,67edfe74d021bd5ffb8c41ed,Laptop MSI Prestige 13 AI Evo A1MG Ultra 7 155H/32GB/1TB/Balo/Chuột/Win11 (062VN),31690000
165,67edfe74d021bd5ffb8c41ee,Laptop Lenovo V15 G4 IRU i5 1335U/16GB/512GB/Win11 (83A1000LVN),13990000
166,67edfe74d021bd5ffb8c41ef,Laptop Dell Inspiron 16 5640 Core 7 150U/16GB/1TB/OfficeHS/Win11 (N5640-C7U161W11IBU),25990000
167,67edfe74d021bd5ffb8c41f0,Laptop Dell Inspiron 15 3530 i7 1355U/16GB/512GB/120Hz/OfficeHS/Win11 (71026454),21490000
168,67edfe74d021bd5ffb8c41f1,Laptop Asus TUF Gaming F15 FX507ZC4 i5 12500H/16GB/1TB/4GB RTX3050/144Hz/Win11 (HN229W),22490000
169,67edfe74d021bd5ffb8c41f2,Laptop Asus Vivobook 15 X1504VA i3 1315U/8GB/512GB/Win11 (NJ1634W),11690000
170,67edfe75d021bd5ffb8c41f3,Laptop Acer Gaming Nitro V ANV15 51 55CA i5 13420H/16GB/512GB/6GB RTX4050/144Hz/Win11 (NH.QN8SV.004),24990000
171,67edfe75d021bd5ffb8c41f4,Laptop MSI Gaming Cyborg 14 A13VE i7 13620H/16GB/512GB/6GB RTX4050/144Hz/Balo/Win11 (090VN),25690000
172,67edfe75d021bd5ffb8c41f5,Laptop Lenovo Gaming Legion 5 16IRX9 i7 14650HX/16GB/1TB/8GB RTX4060/165Hz/Win11 (83DG0051VN),42690000
173,67edfe75d021bd5ffb8c41f6,Laptop Lenovo ThinkBook 14 G7 Ultra 7 155U/32GB/1TB/Win11 (21MR0070VN),28890000
174,67edfe75d021bd5ffb8c41f7,Laptop Lenovo Gaming Legion Pro 5 16IRX9 i9 14900HX/32GB/1TB/8GB RTX4060/240Hz/Win11 (83DF0047VN),46690000
175,67edfe75d021bd5ffb8c41f8,Laptop Lenovo Yoga Pro 7 14IMH9 Ultra 7 155H/32GB/1TB/6GB RTX4050/120Hz/OfficeHS/Win11 (83E2005DVN),46990000
176,67edfe75d021bd5ffb8c41f9,Laptop HP Elitebook 630 G11 Ultra 7 155U/16GB/512GB/Win11 (A7LC5PT),26990000
177,67edfe75d021bd5ffb8c41fa,Laptop Lenovo V14 Core 5 120U/16GB/512GB/Win11 (83HD0001VN),18690000
178,67edfe75d021bd5ffb8c41fb,Laptop Dell Inspiron 15 3520 i5 1235U/8GB/512GB/120Hz/OfficeHS/KYHD/Win11 (71027003),14490000
179,67edfe75d021bd5ffb8c41fc,Laptop Asus TUF Gaming F15 FX507ZC4 i7 12700H/16GB/512GB/4GB RTX3050/144Hz/Win11 (HN181W),23490000
180,67edfe75d021bd5ffb8c41fd,Laptop Lenovo ThinkBook 16 G7 Ultra 7 155U/32GB/1TB/Win11 (21MS007HVN),29190000
181,67edfe75d021bd5ffb8c41fe,Laptop Acer Aspire 5 A514 54 5127 i5 1135G7/8GB/512GB/Win11 (NX.A28SV.007),12990000
182,67edfe75d021bd5ffb8c41ff,Laptop Acer Nitro V 16 ProPanel ANV16 41 R6ZY R5 8645HS/16GB/512GB/6GB RTX3050/165Hz/Win11 (NH.QP2SV.002),23990000
183,67edfe75d021bd5ffb8c4200,Laptop HP Pavilion 15 eg3094TU i5 1335U/8GB/512GB/Win11 (8C5L5PA),16690000
184,67edfe76d021bd5ffb8c4201,Laptop Dell Inspiron 16 5640 Core 7 150U/16GB/1TB/2GB MX570A/OfficeHS/Win11 (KHPF5),26990000
185,67edfe76d021bd5ffb8c4202,Laptop Acer Gaming Nitro 5 Tiger AN515 58 773Y i7 12700H/8GB/512GB/4GB RTX3050Ti/144Hz/Win11 (NH.QFKSV.001),31990000
186,67edfe76d021bd5ffb8c4203,Laptop MSI Gaming Cyborg 15 AI A1VEK Ultra 7 155H/16GB/512GB/6GB RTX4050/144Hz/Balo/Win11 (053VN),28690000
187,67edfe76d021bd5ffb8c4204,Laptop Dell Inspiron 15 3530 i5 1334U/16GB/512GB/120Hz/OfficeHS/Win11 (P16WD2),18490000
188,67edfe76d021bd5ffb8c4205,Laptop Dell Inspiron 15 3520 i5 1235U/16GB/512GB/120Hz/OfficeHS/KYHD/Win11 (71043883),16490000
189,67edfe76d021bd5ffb8c4206,Laptop Asus Vivobook 15 X1504VA i7 1355U/16GB/512GB/Win11 (NJ023W),19990000
190,67edfe76d021bd5ffb8c4207,Laptop Asus Vivobook S 16 OLED S5606MA Ultra 5 125H/16GB/512GB/120Hz/Win11 (MX050W),24990000
191,67edfe76d021bd5ffb8c4208,Laptop Dell Inspiron 15 3530 i7 1355U/16GB/1TB/120Hz/OfficeHS/Win11 (N3530-i7U161W11BLU-FP),22490000
192,67edfe76d021bd5ffb8c4209,Laptop Lenovo Yoga Slim 7 14IMH9 Ultra 7 155H/32GB/1TB/OfficeHS/Win11 (83CV001VVN),30490000
193,67edfe76d021bd5ffb8c420a,Laptop Acer Gaming Nitro V ANV15 51 57B2 i5 13420H/8GB/512GB/6GB RTX4050/144Hz/Win11 (NH.QN8SV.001),22990000
194,67edfe76d021bd5ffb8c420b,Laptop HP Elitebook 630 G10 i7 1355U/16GB/512GB/Win11 (9H1N9PT),25690000
195,67edfe76d021bd5ffb8c420c,Laptop Acer Aspire 3 A315 58 529V i5 1135G7/8GB/256GB/Win11 (NX.ADDSV.00N),10990000
196,67edfe76d021bd5ffb8c420d,Laptop Lenovo Gaming LOQ 15ARP9 R7 7435HS/24GB/512GB/8GB RTX4060/144Hz/Win11 (83JC003YVN),30190000
197,67edfe77d021bd5ffb8c420e,Laptop MSI Gaming Katana A15 AI B8VF R7 8845HS/16GB/512GB/8GB RTX4060/144Hz/Balo/Win11 (419VN),29190000
198,67edfe77d021bd5ffb8c420f,Laptop Lenovo Gaming Legion Pro 5 16IRX9 i9 14900HX/32GB/1TB/8GB RTX4070/240Hz/Win11 (83DF0046VN),52190000
199,67edfe77d021bd5ffb8c4210,Laptop Lenovo ThinkPad E14 Ultra 7 155H/32GB/1TB/Win11 (21M70051VN),33490000
200,67edfe77d021bd5ffb8c4211,Laptop Asus Vivobook S 14 S5406SA Ultra 5 226V/16GB/512GB/120Hz/OfficeHS/Win11 (PP060WS),26490000
201,67edfe77d021bd5ffb8c4212,Laptop Dell Vostro 15 3520 i5 1235U/16GB/512GB/120Hz/OfficeHS/KYHD/Win11 (i5U165W11GRU),15990000
202,67edfe77d021bd5ffb8c4213,Laptop HP Envy x360 14 fc0162TU Ultra 5 125U/16GB/512GB/Touch/Pen/OfficeHS/Win11 (AY8X1PA),25990000
203,67edfe77d021bd5ffb8c4214,Laptop Asus Zenbook 14 OLED UX3405MA Ultra 7 155H/32GB/1TB/120Hz/Túi/Win11 (PP152W),31690000
204,67edfe77d021bd5ffb8c4215,Laptop HP Gaming VICTUS 16 s0078AX R5 7640HS/16GB/512GB/6GB RTX3050/144Hz/Win11 (8C5N7PA),21190000
205,67edfe77d021bd5ffb8c4216,Laptop Asus Vivobook 15 X1504VA i5 1335U/8GB/512GB/Win11 (NJ025W),14990000
206,67edfe77d021bd5ffb8c4217,Laptop Asus Vivobook 15 OLED A1505ZA i5 12500H/16GB/512GB/Win11 (L1337W),15290000
207,67edfe77d021bd5ffb8c4218,Laptop Asus TUF Gaming A15 FA506NF R5 7535HS/16GB/512GB/4GB RTX2050/144Hz/Win11 (HN012W),17990000
208,67edfe77d021bd5ffb8c4219,Laptop HP Gaming VICTUS 16 s0077AX R7 7840HS/16GB/512GB/144Hz/6GB RTX3050/Win11 (8C5N6PA),25690000
209,67edfe77d021bd5ffb8c421a,Laptop Dell Vostro 3420 i5 1235U/8GB/512GB/OfficeHS/Win11 (V4I5702W1),14490000
210,67edfe77d021bd5ffb8c421b,Laptop Dell Inspiron 15 3530 i5 1335U/16GB/512GB/120Hz/OfficeHS/Win11 (N5I5791W1),18490000
211,67edfe78d021bd5ffb8c421c,Laptop Dell Vostro 15 3520 i5 1235U/8GB/512GB/120Hz/OfficeHS/KYHD/Win11 (V5I5610W1),14490000
212,67edfe78d021bd5ffb8c421d,Laptop MSI Gaming Katana A15 AI B8VG R7 8845HS/16GB/1TB/8GB RTX4070/144Hz/Balo/Chuột/Bàn di/Win11 (465VN),32690000
213,67edfe78d021bd5ffb8c421e,Laptop Dell Inspiron 14 5440 Core 7 150U/16GB/512GB/OfficeHS/Win11 (N4I7204W1),24490000
214,67edfe78d021bd5ffb8c421f,Laptop Asus Vivobook 16 X1605VA i7 13620H/16GB/512GB/OfficeHS24+365/Win11 (MB1875WS),19490000
215,67edfe78d021bd5ffb8c4220,Laptop Asus Vivobook 16 M1607KA R7 AI 350/16GB/512GB/OfficeHS24+365/Win11 (MB091WS),22990000
216,67edfe78d021bd5ffb8c4221,Laptop MSI Prestige 14 AI Studio C1UDXG Ultra 7 155H/16GB/1TB/6GB RTX3050/144Hz/Túi/Win11 (058VN),27390000
217,67edfe78d021bd5ffb8c4222,Laptop Acer Swift Go 14 AI SFG14 73 71ZX Ultra 7 155H/16GB/512GB/Win11 (NX.KSLSV.002),26290000
218,67edfe78d021bd5ffb8c4223,Laptop Lenovo ThinkBook 16 G7 Ultra 5 125U/16GB/512GB/Win11 (21MS007GVN),22190000
219,67edfe78d021bd5ffb8c4224,Laptop HP VICTUS 16 r0283TX i5 13500H/16GB/512GB/144Hz/6GB RTX3050/Win11 (AD9T3PA),22690000
220,67edfe78d021bd5ffb8c4225,Laptop HP Probook 450 G10 i7 1355U/16GB/512GB/Win11 (9H8H1PT),23190000
221,67edfe78d021bd5ffb8c4226,Laptop Lenovo ThinkBook 14 Ultra 7 155U/16GB/512GB/Win11 (21MR0072VN),26390000
222,67edfe78d021bd5ffb8c4227,Laptop Acer Swift AI SF14 51 53P9 Ultra 5 226V/16GB/1TB/Win11 (NX.J2KSV.002),34990000
223,67edfe78d021bd5ffb8c4228,Laptop Lenovo IdeaPad Slim 5 14Q8X9 X1P 42 100/16GB/512GB/Win11 (83HL000KVN),20690000
224,67edfe78d021bd5ffb8c4229,Laptop Asus TUF Gaming A15 FA506NC R5 7535HS/16GB/512GB/4GB RTX3050/144Hz/Win11 (HN017W),19490000
225,67edfe79d021bd5ffb8c422a,Laptop Dell G15 5530 i9 13900HX/16GB/1TB/8GB RTX4060/165Hz/OfficeHS/Win11 (i9HX161W11GR4060),40990000
226,67edfe79d021bd5ffb8c422b,Laptop Asus TUF Gaming F15 FX507VU i7 13620H/16GB/512GB/6GB RTX4050/144Hz/Win11 (LP167W),27190000
227,67edfe79d021bd5ffb8c422c,Laptop HP Elitebook 630 G10 i7 1355U/16GB/512GB/Win11 (873F2PA),25690000
228,67edfe79d021bd5ffb8c422d,Laptop Dell Latitude 3440 i7 1355U/16GB/512GB/Win11 (71038103),22790000
229,67edfe79d021bd5ffb8c422e,Laptop Lenovo Gaming Legion Slim 5 16AHP9 R7 8845HS/32GB/1TB/8GB RTX4060/165Hz/Win11 (83DH003BVN),42690000
230,67edfe79d021bd5ffb8c422f,Laptop Lenovo V15 G5 IRL Core 5 120U/16GB/512GB/Win11 (83HF0000VN),18890000
231,67edfe79d021bd5ffb8c4230,Laptop Acer Swift AI SF14 51 75VP Ultra 7 258V/32GB/1TB/Win11 (NX.J2KSV.001),39990000
232,67edfe79d021bd5ffb8c4231,Laptop Asus Vivobook 14X OLED K3405VC i5 13500H/16GB/512GB/4GB RTX3050/Win11 (KM006W),22790000
233,67edfe79d021bd5ffb8c4232,Laptop Dell Inspiron 15 3530 i5 1335U/8GB/512GB/120Hz/OfficeHS/Win11 (N3530-i5U085W11BLU),16990000
234,67edfe79d021bd5ffb8c4233,Laptop HP VICTUS 16 r0127TX i7 13700H/16GB/512GB/8GB RTX4060/144Hz/Win11 (8C5N2PA),34790000
235,67edfe79d021bd5ffb8c4234,Laptop Lenovo Gaming Legion Pro 7 16IRX9H i9 14900HX/32GB/1TB/16GB RTX4090/240Hz/Win11 (83DE001MVN),106990000
236,67edfe79d021bd5ffb8c4235,Laptop HP Envy X360 14 fc0083TU Ultra 7 155U/32GB/1TB/Touch/Pen/Win11 (A19BSPA),33390000
237,67edfe79d021bd5ffb8c4236,Laptop Dell Inspiron 16 5640 Core 7 150U/16GB/1TB/2GB MX570A/120Hz/OfficeHS/Win11 (N6I7512W1),31490000
238,67edfe79d021bd5ffb8c4237,Laptop Lenovo Thinkpad X13 Ultra 5 125U/16GB/512GB/Win11 Pro (21LU004NVN),33990000
239,67edfe79d021bd5ffb8c4238,Laptop Asus ROG Strix G16 G614JU i7 13650HX/32GB/1TB/6GB RTX4050/165Hz/Win11 (N3509W),34990000
240,67edfe7ad021bd5ffb8c4239,Laptop HP Gaming VICTUS 16 r0130TX i5 13500H/16GB/512GB/144Hz/6GB RTX3050/Win11 (8C5N5PA),22690000
241,67edfe7ad021bd5ffb8c423a,Laptop Asus Zenbook S 14 UX5406SA Ultra 7 258V/32GB/1TB/120Hz/Túi/OfficeHS/Win11 (PV140WS),41990000
242,67edfe7ad021bd5ffb8c423b,Laptop Dell Inspiron 7440 Core 5 120U/16GB/1TB/Touch/Pen/OfficeHS/Win11 (N4I5006W1),28990000
243,67edfe7ad021bd5ffb8c423c,Laptop Dell Inspiron 7440 Core 7 150U/16GB/1TB/Touch/Pen/OfficeHS/Win11 (N7440-C7U161W11IBU),30990000
244,67edfe7ad021bd5ffb8c423d,Laptop HP Spectre X360 14 eu0050TU Ultra 7 155H/32GB/1TB/Touch/Pen/Win11 (A19BLPA),50990000
245,67edfe7ad021bd5ffb8c423e,Laptop MSI Gaming Katana A15 AI B8VE R7 8845HS/16GB/512GB/6GB RTX4050/144Hz/Balo/Win11 (402VN),27190000
246,67edfe7ad021bd5ffb8c423f,Laptop HP Probook 450 G10 i7 1355U/16GB/512GB/Win11 (873D3PA),23190000
247,67edfe7ad021bd5ffb8c4240,Laptop Asus TUF Gaming A15 FA507NV R7 7735HS/16GB/512GB/8GB RTX4060/144Hz/Win11 (LP031W),27390000
248,67edfe7ad021bd5ffb8c4241,Laptop Asus TUF Gaming A15 FA507NU R5 7535HS/16GB/512GB/6GB RTX4050/144Hz/Win11 (LP105W),23490000
249,67edfe7ad021bd5ffb8c4242,Laptop MSI Creator Z17 HX Studio A14VGT i7 14700HX/32GB/2TB/8GB RTX4070/165Hz/Touch/Pen/Balo/Win11 (272VN),66190000
250,67edfe7ad021bd5ffb8c4243,Laptop MacBook Air 13 inch M3 16GB/ 256GB,27090000
251,67edfe7ad021bd5ffb8c4244,Laptop ASUS TUF Gaming A15 FA507UV R7 8845HS/16GB/512GB/8GB RTX4060/144Hz/Win11 (LP142W),27790000
252,67edfe7ad021bd5ffb8c4245,Laptop Asus Vivobook S 14 S5406SA Ultra 7 258V/32GB/1TB/120Hz/OfficeHS/Win11 (PP059WS),32490000
253,67edfe7ad021bd5ffb8c4246,Laptop Asus Zenbook 14 UX3405CA Ultra 7 255H/16GB/512GB/120Hz/Touch/OfficeHS24+365/Win11 (PZ368WS),34990000
254,67edfe7bd021bd5ffb8c4247,Laptop HP OMEN 16 xf0071AX R7 7840HS/32GB/1TB/8GB RTX4060/240Hz/Win11 (8W946PA),50690000
255,67edfe7bd021bd5ffb8c4248,Laptop MSI Creator M16 HX C14VFG i7 14700HX/32GB/1TB/8GB RTX4060/240Hz/Balo/Win11 (040VN),42190000
256,67edfe7bd021bd5ffb8c4249,Laptop MSI Cyborg 15 A13VFK i7 13620H/16GB/512GB/8GB RTX4060/144Hz/Balo/Win11 (876VN),27690000
257,67edfe7bd021bd5ffb8c424a,Laptop Dell XPS 13 9340 Ultra 7 155H/16GB/1TB/Touch/OfficeHS/Win11 (HXRGT),54990000
258,67edfe7bd021bd5ffb8c424b,Laptop Asus TUF Gaming A14 FA401WV R9 AI HX 370/16GB/1TB/8GB RTX4060/165Hz/OfficeHS/Office365/Win11 (RG062WS),40990000
259,67edfe7bd021bd5ffb8c424c,Laptop Asus Zenbook 14 OLED UM3406KA R7 AI 350/32GB/512GB/120Hz/OfficeHS24+365/Win11 (PP555WS),31990000
260,67edfe7bd021bd5ffb8c424d,Laptop HP Envy x360 14 fc0089TU Ultra 7 155U/16GB/512GB/Touch/Pen/Win11 (A19BZPA),30790000
261,67edfe7bd021bd5ffb8c424e,Laptop Asus Vivobook S 15 S5507QA X1E 78 100/32GB/1TB/Win11/OfficeHS (MA090WS),30290000
262,67edfe7bd021bd5ffb8c424f,Laptop HP Envy X360 14 fa0048AU R7 8840HS/16GB/512GB/Touch/Pen/Win11 (A19BQPA),28190000
263,67edfe7bd021bd5ffb8c4250,Laptop MSI Prestige 13 AI+ A2VMG Ultra 7 258V/32GB/1TB/Balo/Win11 (040VN),36190000
264,67edfe7bd021bd5ffb8c4251,Laptop HP Probook 460 G11 Ultra 5 125U/16GB/512GB/Win11 (A74BTPT),22990000
265,67edfe7bd021bd5ffb8c4252,Laptop MSI Prestige 16 AI+ B2VMG Ultra 9 288V/32GB/1TB/Balo/Win11 (016VN),43190000
266,67edfe7bd021bd5ffb8c4253,Laptop Dell XPS 13 9340 Ultra 7 155H/16GB/1TB/Touch/OfficeHS/Win11 (HXRGT2),54990000
267,67edfe7bd021bd5ffb8c4254,Laptop MSI Stealth A16 AI+ A3XVGG R9 AI HX 370/32GB/2TB/8GB RTX4070/120Hz/Balo/Chuột/Win11 (208VN),67190000
268,67edfe7bd021bd5ffb8c4255,Laptop MSI Gaming Katana A15 AI B8VG R9 8945HS/16GB/1TB/8GB RTX4070/144Hz/Balo/Lót chuột/Chuột/Win11 (466VN),38690000
269,67edfe7cd021bd5ffb8c4256,Laptop MacBook Pro 14 inch M4 16GB/512GB,39990000
270,67edfe7cd021bd5ffb8c4257,Laptop MacBook Pro 14 inch M4 Pro 24GB/512GB,49790000
271,67edfe7cd021bd5ffb8c4258,Laptop MacBook Air 15 inch M3 16GB/256GB/10GPU,32490000
272,67edfe7cd021bd5ffb8c4259,Laptop Apple MacBook Air 15 inch M3 16GB/512GB (MXD23SA/A),36490000
273,67edfe7cd021bd5ffb8c425a,Laptop Dell Inspiron 14 5440 i5 1334U/16GB/512GB/OfficeHS/Win11 (NDY5V1),20990000
274,67edfe7cd021bd5ffb8c425b,Laptop MacBook Pro 14 inch M4 Pro 24GB/1TB,54990000
275,67edfe7cd021bd5ffb8c425c,Laptop MacBook Pro 14 inch Nano M4 16GB/512GB,41990000
276,67edfe7cd021bd5ffb8c425d,Laptop Asus Vivobook 15 X1504ZA i5 1235U/16GB/1TB/Win11 (NJ1528W),13790000
277,67edfe7cd021bd5ffb8c425e,Laptop MacBook Pro 16 inch M4 Pro 24GB/1TB,69490000
278,67edfe7cd021bd5ffb8c425f,Laptop Samsung Galaxy Chromebook Go XE310XDA N4500/4GB/32GB/ChromeOS,7990000
279,67edfe7cd021bd5ffb8c4260,Laptop MacBook Air 13 inch M2 24GB/512GB,31990000
280,67edfe7cd021bd5ffb8c4261,Laptop MacBook Air 13 inch M3 24GB/512GB,36290000
281,67edfe7cd021bd5ffb8c4262,Laptop MacBook Pro 16 inch M4 Pro 24GB/512GB,64490000
282,67edfe7dd021bd5ffb8c4263,Laptop Lenovo Gaming LOQ Essential 15IAX9E i5 12450HX/12GB/512GB/6GB RTX3050/144Hz/Win11 (83LK0036VN),20190000
283,67edfe7dd021bd5ffb8c4264,Laptop MacBook Pro 16 inch M4 Pro 48GB/512GB,74490000
284,67edfe7dd021bd5ffb8c4265,Laptop MacBook Pro 14 inch Nano M4 Pro 24GB/512GB,51990000
285,67edfe7dd021bd5ffb8c4266,Laptop Lenovo IdeaPad 5 2in1 14IRH9 i7 13620H/16GB/512GB/Touch/Pen/Win11 (83KX003XVN),24990000
286,67edfe7dd021bd5ffb8c4267,Laptop Dell Inspiron 14 5430 i5 1340P/16GB/512GB/4GB RTX2050/120Hz/OfficeHS/Win11 (N5430-i5P165W11SL2050),26490000
287,67edfe7dd021bd5ffb8c4268,Laptop HP Elitebook 630 G10 i5 1335U/16GB/512GB/Touch/Win11 (9J0B5PT),22190000
288,67edfe7dd021bd5ffb8c4269,Laptop Samsung Galaxy Chromebook Go XE340XDA N4500/4GB/32GB/ChromeOS,8990000
289,67edfe7dd021bd5ffb8c426a,Laptop MacBook Pro 14 inch M4 Pro 48GB/512GB,59490000
290,67edfe7dd021bd5ffb8c426b,Laptop MacBook Pro 14 inch M4 Pro 48GB/1TB,64990000
291,67edfe7dd021bd5ffb8c426c,Laptop HP OMEN 16 xf0070AX R9 7940HS/32GB/1TB/8GB RTX4070/240Hz/Win11 (8W945PA),62890000
292,67edfe7dd021bd5ffb8c426d,Laptop Dell G15 5530 i7 13650HX/16GB/1TB/8GB RTX4060/165Hz/OfficeHS/Win11 (i7HX161W11GR4060),36990000
293,67edfe7dd021bd5ffb8c426e,Laptop MacBook Pro 14 inch Nano M4 Max 36GB/1TB,82090000
294,67edfe7dd021bd5ffb8c426f,Laptop Apple MacBook Pro 16 inch Nano M4 Pro 24GB/512GB,68490000
295,67edfe7dd021bd5ffb8c4270,Laptop GIGABYTE G6 KF RC56 i7 13620H/16GB/1TB/8GB RTX4060/165Hz/Win11 (9RC56KF0HJJANIVN000),29190000
296,67edfe7ed021bd5ffb8c4271,Laptop Macbook Air 13 inch M2 16GB/512GB Sạc 70W,29190000
297,67edfe7ed021bd5ffb8c4272,Laptop HP Gaming VICTUS 16 r0128TX i5 13450HX/16GB/512GB/144Hz/6GB RTX4050/Win11 (8C5N3PA),28990000
298,67edfe7ed021bd5ffb8c4273,Laptop HP Gaming VICTUS 16 r0228TX i5 13500H/32GB/512GB/6GB RTX4050/144Hz/Win11 (9Q979PA),30990000
299,67edfe7ed021bd5ffb8c4274,Laptop HP Gaming VICTUS 16 r0227TX i5 13500H/32GB/512GB/8GB RTX4060/144Hz/Win11 (9Q978PA),32490000
300,67edfe7ed021bd5ffb8c4275,Laptop HP Gaming VICTUS 16 s0138AX R7 7840HS/32GB/512GB/8GB RTX4070/144Hz/Win11 (9Q985PA),37990000
301,67edfe7ed021bd5ffb8c4276,Laptop Lenovo Thinkpad X13 Ultra 7 155H/32GB/1TB/Touch/Win11 Pro (21LU004LVN),44590000
302,67edfe7ed021bd5ffb8c4277,Laptop HP Probook 460 G11 Ultra 7 155U/16GB/512GB/Win11 (A74C0PT),25690000
303,67edfe7ed021bd5ffb8c4278,Laptop HP Elitebook X360 830 G11 Ultra 7 165U/16GB/512GB/Touch/Pen/Win11 Pro (A7RC0PT),44690000
304,67edfe7ed021bd5ffb8c4279,Laptop HP Envy X360 14 fa0097AU R5 8640HS/16GB/512GB/Touch/Pen/Office365/Win11 (AY8U7PA),26690000
305,67edfe7ed021bd5ffb8c427a,Laptop HP Envy X360 14 fc0153TU Ultra 7 155U/32GB/512GB/Touch/Pen/Office365/Win11 (AY8V4PA),32690000
306,67edfe7ed021bd5ffb8c427b,Laptop MacBook Pro 16 inch M4 Max 36GB/1TB,87690000
307,67edfe7ed021bd5ffb8c427c,Laptop MSI Modern 15 B12MO i7 1255U/16GB/512GB/Win11 (487VN),15690000
308,67edfe7ed021bd5ffb8c427d,Laptop Dell Inspiron 15 3530 i7 1355U/16GB/512GB/120Hz/OfficeHS/Win11 (N5I7240W1),21490000
309,67edfe7fd021bd5ffb8c427e,Laptop HP Elitebook X360 830 G11 Ultra 5 135U/16GB/512GB/Touch/Pen/Win11 Pro (A7RB9PT),40190000
310,67edfe7fd021bd5ffb8c427f,Laptop HP OMEN Transcend 14 fb0135TX Ultra 7 155H/16GB/1TB/8GB RTX4060/120Hz/Win11 (AY8V1PA),58990000
311,67edfe7fd021bd5ffb8c4280,Laptop Lenovo IdeaPad 5 2in1 14Q8X9 X1P 42 100/16GB/512GB/Touch/Win11 (83GH001FVN),23690000
312,67edfe7fd021bd5ffb8c4281,Laptop Lenovo IdeaPad Flex 5 14ABR8 R7 7730U/16GB/512GB/Touch/Win11 (82XX00DLVN),18990000
313,67edfe7fd021bd5ffb8c4282,Laptop Lenovo ThinkPad E16 Ultra 5 125U/32GB/1TB/Win11 (21MA0049VN),25590000
314,67edfe7fd021bd5ffb8c4283,Laptop Lenovo ThinkPad X1 Carbon Ultra 7 165U/64GB/1TB/120Hz/Win11 Pro (21KC00AGVN),65390000
315,67edfe7fd021bd5ffb8c4284,Laptop Lenovo Yoga 7 2in1 14IML9 Ultra 5 125H/16GB/512GB/Touch/Office/Win11 (83DJ00DMVN),26990000
316,67edfe7fd021bd5ffb8c4285,Laptop Lenovo IdeaPad Slim 5 14IMH9 Ultra 5 125H/16GB/1TB/Win11 (83DA006TVN),23690000
317,67edfe7fd021bd5ffb8c4286,Laptop Lenovo Legion 7 16IRX9 i9 14900H/32GB/1TB/8GB RTX4070/165Hz/Win11,61690000
318,67edfe7fd021bd5ffb8c4287,Laptop Lenovo Yoga Pro 7 14ASP9 R9 AI 365/32GB/1TB/120Hz/OfficeHS/Win11 (83HN0022VN),40990000
319,67edfe7fd021bd5ffb8c4288,Laptop Lenovo Yoga Pro 7 14IMH9 Ultra 7 155H/32GB/1TB/6GB RTX4050/120Hz/OfficeHS/Win11 (83E2006MVN),46990000
320,67edfe7fd021bd5ffb8c4289,Laptop Lenovo Yoga Slim 7 15ILL9 Ultra 7 258V/32GB/1TB/120Hz/Touch/OfficeHS/Win11 (83HM000GVN),40990000
321,67edfe7fd021bd5ffb8c428a,Laptop LG Gram 14Z90S Ultra 5 125H/16GB/512GB/Win11 (14Z90S-G.AH55A5),32990000
322,67edfe7fd021bd5ffb8c428b,Laptop LG Gram 14Z90S Ultra 7 155H/16GB/512GB/Win11 (14Z90S-G.AH75A5),37490000
323,67edfe7fd021bd5ffb8c428c,Laptop LG Gram 16Z90S Ultra 7 155H/16GB/512GB/Win11 (16Z90S-G.AH76A5),41490000
324,67edfe7fd021bd5ffb8c428d,Laptop LG Gram 17Z90S Ultra 7 155H/16GB/1TB/Win11 (17Z90S-G.AH78A5),44990000
325,67edfe80d021bd5ffb8c428e,Laptop LG Gram 16Z90SP Ultra 7 155H/16GB/512GB/Win11 (16Z90SP-K.AH78A5),46990000
326,67edfe80d021bd5ffb8c428f,Laptop HP Elitebook 635 Aero G11 R5 8640U/16GB/512GB/Win11 (A8WS6PT),23890000
327,67edfe80d021bd5ffb8c4290,Laptop HP Elitebook 635 Aero G11 R7 8840HS/16GB/512GB/Win11 (A8WS7PT),27290000
328,67edfe80d021bd5ffb8c4291,Laptop Lenovo IdeaPad Slim 3 15IRH10 i7 13620H/16GB/512GB/Win11 (83K1000JVN),19490000
329,67edfe80d021bd5ffb8c4292,Laptop Lenovo LOQ 15IAX9 i5 12450HX/12GB/512GB/6GB RTX4050/144Hz/Win11 (83GS001QVN),25190000
330,67edfe80d021bd5ffb8c4293,Laptop Lenovo Legion Pro 7 16IRX9H i9 14900HX/1TB/12GB RTX4080/240Hz/Win11 (83DE001NVN),88990000
331,67edfe80d021bd5ffb8c4294,Laptop Lenovo Legion Slim 5 16AHP9 R7 8845HS/16GB/512GB/8GB RTX4060/165Hz/Win11 (83DH003AVN),39690000
332,67edfe80d021bd5ffb8c4295,Laptop Lenovo ThinkPad T14s Ultra 5 125U/16GB/512GB/Win11 Pro (21LS005RVN),35390000
333,67edfe80d021bd5ffb8c4296,Laptop Lenovo Thinkpad X13 Ultra 7 155H/16GB/1TB/Win11 Pro (21LU004TVN),41590000
334,67edfe80d021bd5ffb8c4297,Laptop Lenovo Yoga 7 2in1 14IML9 Ultra 7 155H/16GB/512GB/Touch/Pen/OfficeHS/Win11 (83DJ001FVN),30990000
335,67edfe80d021bd5ffb8c4298,Laptop GIGABYTE AORUS 16X X6LAG i7 14650HX/16GB/1TB/8G RTX4070/165Hz/Win11 (9RX6LASGDDJIXDVN010),43190000
336,67edfe80d021bd5ffb8c4299,Laptop Asus Zenbook DUO UX8406CA Ultra 9 285H/32GB/1TB/120Hz/Touch/OfficeHS24+365/Win11 (PZ109WS),61990000
337,67edfe80d021bd5ffb8c429a,Laptop Dell Inspiron 15 3530 i5 1334U/16GB/512GB/120Hz/OfficeHS24+365/Win11 (N5I5530W1),18490000
338,67edfe81d021bd5ffb8c429b,Laptop Dell Inspiron 15 3530 i7 1355U/16GB/512GB/120Hz/OfficeHS24+365/Win11 (N5I7305W1),21490000
339,67edfe81d021bd5ffb8c429c,Laptop Dell Latitude 3450 i5 1335U/16GB/512GB/Win11 (L3450-1335U-16512W),18990000
340,67edfe81d021bd5ffb8c429d,Laptop Asus Vivobook 14 A1407CA Ultra 5 225H/16GB/512GB/OfficeHS24+365/Win11 (LY008WS),20990000
341,67edfe81d021bd5ffb8c429e,Laptop Asus Vivobook 14 X1404VA i5 1334U/16GB/512GB/OfficeHS24+365/Win11 (NK771WS),15490000
342,67edfe81d021bd5ffb8c429f,Laptop Asus Vivobook 16 A1607CA Ultra 5 225H/16GB/512GB/OfficeHS24+365/Win11 (MB038WS),21490000
343,67edfe81d021bd5ffb8c42a0,Laptop Asus Vivobook S 16 S5606CA Ultra 5 225H/16GB/512GB/120Hz/OfficeHS24+365/Win11 (RI114WS),27490000
344,67edfe81d021bd5ffb8c42a1,"Laptop Asus Vivobook S 16 S5606CA Ultra 7 255H/32GB/1TB/16""Q/120Hz/OfficeHS24+365/Win11 (RI115WS)",34290000
345,67edfe81d021bd5ffb8c42a2,Laptop Dell Latitude 5450 Ultra 5 125U/16GB/512GB/Win11 (L5450-125U-16512W),25490000
346,67edfe81d021bd5ffb8c42a3,Laptop Dell Latitude 5350 Ultra 7 165U vPro/16GB/512GB/Win11 (L5350-165U-16512W),29990000
347,67edfe81d021bd5ffb8c42a4,Laptop Dell XPS 13 9350 Ultra 7 256V/16GB/512GB/Touch/OfficeHS24+365/Win11 (XPSU7016W1),56990000
348,67edfe81d021bd5ffb8c42a5,Laptop MacBook Air 13 inch M4 16GB/256GB,26990000
349,67edfe81d021bd5ffb8c42a6,Laptop MacBook Air 13 inch M4 16GB/512GB,31990000
350,67edfe81d021bd5ffb8c42a7,Laptop MacBook Air 13 inch M4 16GB/1TB,36990000
351,67edfe82d021bd5ffb8c42a8,Laptop MacBook Air 13 inch M4 24GB/256GB,31990000
352,67edfe82d021bd5ffb8c42a9,Laptop MacBook Air 13 inch M4 24GB/512GB,36990000
353,67edfe82d021bd5ffb8c42aa,Laptop MacBook Air 13 inch M4 24GB/1TB,41990000
354,67edfe82d021bd5ffb8c42ab,Laptop MacBook Air 13 inch M4 32GB/256GB,36990000
355,67edfe82d021bd5ffb8c42ac,Laptop MacBook Air 13 inch M4 32GB/512GB,41990000
356,67edfe82d021bd5ffb8c42ad,Laptop MacBook Air 13 inch M4 32GB/1TB,46990000
357,67edfe82d021bd5ffb8c42ae,Laptop MacBook Air 15 inch M4 16GB/256GB,31990000
358,67edfe82d021bd5ffb8c42af,Laptop MacBook Air 15 inch M4 16GB/512GB,36990000
359,67edfe83d021bd5ffb8c42b0,Laptop MacBook Air 15 inch M4 16GB/1TB,41990000
360,67edfe83d021bd5ffb8c42b1,Laptop MacBook Air 15 inch M4 24GB/256GB,36990000
361,67edfe83d021bd5ffb8c42b2,Laptop MacBook Air 15 inch M4 24GB/512GB,41990000
362,67edfe83d021bd5ffb8c42b3,Laptop MacBook Air 15 inch M4 24GB/1TB,46990000
363,67edfe83d021bd5ffb8c42b4,Laptop MacBook Air 15 inch M4 32GB/256GB,41990000
364,67edfe83d021bd5ffb8c42b5,Laptop MacBook Air 15 inch M4 32GB/512GB,46990000
365,67edfe83d021bd5ffb8c42b6,Laptop MacBook Air 15 inch M4 32GB/1TB,51990000
